district,state,p_6h,p_12h,p_18h,p_24h,p,lat,lon,6 h,12 h,18 h,24 h,colour (24 h)
West Godavari,Andhra Pradesh,0.0,0.671,0.904,0.911,0.911,16.35,81.7,<5%,65%,90%,90%,red
Krishna,Andhra Pradesh,0.0,0.451,0.78,0.794,0.794,16.17,81.14,<5%,45%,80%,80%,red
Kakinada,Andhra Pradesh,0.0,0.146,0.414,0.443,0.443,16.95,82.25,<5%,15%,40%,45%,orange
Bapatla,Andhra Pradesh,0.0,0.07,0.354,0.428,0.428,15.9,80.47,<5%,5%,35%,45%,orange
Prakasam,Andhra Pradesh,0.0,0.016,0.098,0.173,0.173,15.5,80.05,<5%,<5%,10%,15%,yellow
Visakhapatnam,Andhra Pradesh,0.0,0.007,0.015,0.037,0.037,17.69,83.29,<5%,<5%,<5%,5%,green
Nellore,Andhra Pradesh,0.0,0.002,0.011,0.011,0.011,14.44,80.13,<5%,<5%,<5%,<5%,green
Vizianagaram,Andhra Pradesh,0.0,0.0,0.005,0.007,0.007,18.1,83.6,<5%,<5%,<5%,<5%,green
Srikakulam,Andhra Pradesh,0.0,0.0,0.004,0.004,0.004,18.3,84.1,<5%,<5%,<5%,<5%,green
