model,lead_h,target,track_error_km,n,mae_kt,rmse_kt,skill_vs_SHIFOR_%
Persistence,6,intensity,,582,3.3805841924398625,5.524274765419331,-6.360405466585561
Persistence,12,intensity,,534,6.463483146067416,9.630607224137945,-16.339674002022655
Persistence,18,intensity,,488,9.415983606557377,13.211900063150967,-21.252517348957767
Persistence,24,intensity,,446,12.246636771300448,16.43099444572167,-26.224847507684235
SHIFOR,6,intensity,,582,3.1784235661849887,4.716459951240453,0.0
SHIFOR,12,intensity,,534,5.55569989473672,8.083611636041173,0.0
SHIFOR,18,intensity,,488,7.765598448944956,10.907123111016572,0.0
SHIFOR,24,intensity,,446,9.702239307957893,13.145513575848465,0.0
Ridge (linear),6,intensity,,582,3.0180635957692905,4.274560759987994,5.0452674754163045
Ridge (linear),12,intensity,,534,5.040522614210136,7.0063073588263824,9.27295012847338
Ridge (linear),18,intensity,,488,6.625868664729013,9.179088184923382,14.676651023216225
Ridge (linear),24,intensity,,446,8.17233576250793,10.912569421365541,15.768561224779498
Decision Tree,6,intensity,,582,3.01059200272311,4.241847149299782,5.2803397648892965
Decision Tree,12,intensity,,534,5.199177344357045,7.5210677174182115,6.417239180205403
Decision Tree,18,intensity,,488,7.135106621138699,10.558462926684014,8.119037212024738
Decision Tree,24,intensity,,446,8.943235281122591,13.485882629123035,7.822977796607811
Random Forest,6,intensity,,582,2.9281771956607314,4.100334664140132,7.873285775584149
Random Forest,12,intensity,,534,5.113025852686728,7.209204515888181,7.967925741801974
Random Forest,18,intensity,,488,6.4513994376036985,9.550848914669194,16.92334492932487
Random Forest,24,intensity,,446,7.891084433594985,11.035800628228385,18.66739024750066
Gradient Boosting,6,intensity,,582,3.074295309439005,4.301680851877019,3.276097555209334
Gradient Boosting,12,intensity,,534,5.038078895341321,7.235383260753355,9.316935925314752
Gradient Boosting,18,intensity,,488,6.570694139585826,9.439569594772852,15.387150355700797
Gradient Boosting,24,intensity,,446,7.702241224106288,10.468978317026593,20.613778122450377
SVM (SVR-RBF),6,intensity,,582,3.08451642040278,4.421002641629377,2.9545195543249747
SVM (SVR-RBF),12,intensity,,534,5.126668500627072,7.322145105948591,7.722364458816388
SVM (SVR-RBF),18,intensity,,488,6.917549586995036,9.66984013147369,10.920586063333426
SVM (SVR-RBF),24,intensity,,446,8.353086464142592,11.682629652715832,13.905582010420103
LightGBM,6,intensity,,582,3.1429027243805536,4.398982141616851,1.117561617096563
LightGBM,12,intensity,,534,4.91959023954939,7.007174104992282,11.449676318729152
LightGBM,18,intensity,,488,6.272965682569701,9.019285599075047,19.22109128084063
LightGBM,24,intensity,,446,7.3700378219127005,10.062335068046055,24.037765015054745
CatBoost,6,intensity,,582,3.205152473400287,4.4634879092099515,-0.8409485601499123
CatBoost,12,intensity,,534,5.1450238132322355,7.354026733989092,7.391977415726592
CatBoost,18,intensity,,488,6.719579247823057,9.368003698389595,13.469911018435576
CatBoost,24,intensity,,446,7.90408655925453,10.63108625772675,18.533378652374566
XGBoost,6,intensity,,582,3.1493412363967024,4.363568745863671,0.9149922652754938
XGBoost,12,intensity,,534,5.142137172101728,7.2665331397781285,7.443935606147245
XGBoost,18,intensity,,488,6.422847692740196,8.976143582845738,17.291014530724127
XGBoost,24,intensity,,446,7.644623949238404,10.267359825036367,21.207633551481344
Stacked ensemble,6,intensity,,582,3.132467809109031,4.370946429102726,1.445866358558301
Stacked ensemble,12,intensity,,534,5.053863713100635,7.166979884082125,9.032816587366554
Stacked ensemble,18,intensity,,488,6.454370122304267,9.049396279041428,16.8850905086244
Stacked ensemble,24,intensity,,446,7.873423302552288,10.50095261447585,18.84942174025318
