,0
persistence,13853.953125
msla_min100,698.1096801757812
tp6_mean300,488.67205810546875
steer_lo_u,362.7357177734375
vort850_max300,255.5936279296875
up12_msla,199.69639587402344
msla_min300,197.53375244140625
dp12,191.4796600341797
rh_mid_mean,184.01353454589844
steer_lo_v,134.18321228027344
up12_vort,124.1275634765625
wdir10_cos,111.11492919921875
tp6_mean100,102.46733093261719
month_cos,99.70609283447266
shear_mean300,91.57917022705078
rhmid_mean100,87.47653198242188
land_frac300,87.2386245727539
thick_anom,81.38864135742188
steer_u,71.31407928466797
steer_v,70.7100830078125
month_sin,70.10054779052734
lon,63.41741180419922
coriolis,62.659358978271484
steer_hi_v,61.26414108276367
dist_land_km,57.9925537109375
lat,57.753623962402344
rhmid_mean300,52.45107650756836
sst_mean300,51.428890228271484
tp24,50.70646286010742
msla_gap,50.07769012451172
sst_c,49.360565185546875
msl,48.479881286621094
wdir10_sin,47.72040557861328
steer_hi_u,44.59955596923828
wspd10,44.32113265991211
up24_vort,43.58586502075195
rh700,43.316654205322266
msla,41.11030197143555
rh850,40.428672790527344
steer_spd,40.22250747680664
up24_msla,39.755374908447266
airsea_dt,35.10462188720703
rh500,33.22031784057617
t850_t500,32.71261215209961
vort850_max100,31.958709716796875
dewpoint_dep,28.526878356933594
shear_500_850,26.9064884185791
vort700,25.136205673217773
tp12,24.905128479003906
msl_grad,24.271167755126953
lsm,23.983924865722656
shear_200_850,23.798320770263672
rh_mid_min,23.460580825805664
rh2m,23.155452728271484
vort850,21.20388412475586
dp6,19.360021591186523
t_upper_anom,17.85181999206543
tp6,16.0960750579834
vort_gap,15.376177787780762
tp3,13.109123229980469
dp3,12.423856735229492
msl_lap,10.354548454284668
div200,9.94607925415039
div850,9.182748794555664
