threshold,events,hit_rate,false_zones_per_forecast,zones_per_forecast,forecasts
0.05,133,0.8571428571428571,0.23119015047879618,0.3119015047879617,1462
0.1,133,0.8571428571428571,0.1354309165526676,0.22093023255813954,1462
0.15,133,0.8571428571428571,0.10807113543091655,0.1935704514363885,1462
0.2,133,0.8571428571428571,0.08823529411764706,0.17510259917920656,1462
0.25,133,0.849624060150376,0.073187414500684,0.16210670314637482,1462
0.3,133,0.8421052631578947,0.058823529411764705,0.1456908344733242,1462
0.4,133,0.8270676691729323,0.060191518467852256,0.1456908344733242,1462
0.5,133,0.8195488721804511,0.04514363885088919,0.12995896032831739,1462
0.6,133,0.7969924812030075,0.03146374829001368,0.11627906976744186,1462
