model,brier,roc_auc,pr_auc
LightGBM,0.007587579971221741,0.6393596986817326,0.01718503967613593
CatBoost,0.007709372871095356,0.5894538606403013,0.015456601945324272
Logistic Regression,0.007709710982242239,0.9044256120527306,0.07374854887392616
XGBoost,0.007814763598828397,0.7250470809792844,0.026901389262703895
Gradient Boosting,0.008360982519014798,0.4981167608286252,0.011493750941123326
Climatology (base rate),0.00839424098374364,0.5,0.007476635514018692
SVM (RBF),0.009601310646011153,0.8196798493408664,0.02685622204219647
Random Forest,0.010702030759735165,0.6115819209039548,0.01526792763425957
Decision Tree,0.01710478154989976,0.5266007532956686,0.008481039853904825
Naive Bayes,0.12811086780676847,0.5527306967984933,0.02113705248270359
