model,lead_h,target,track_error_km,n,mae_kt,rmse_kt,skill_vs_CLIPER_%
Persistence,6,track,39.05726789045918,445,,,-5.175128276234187
Persistence,12,track,79.35150152919039,405,,,-8.879441706098534
Persistence,18,track,123.51356373652484,369,,,-10.856406703947808
Persistence,24,track,175.99888902793433,337,,,-14.802216040181282
CLIPER,6,track,37.13546018967369,445,,,0.0
CLIPER,12,track,72.88015100535344,405,,,0.0
CLIPER,18,track,111.41761437963538,369,,,0.0
CLIPER,24,track,153.30617744028038,337,,,0.0
Ridge (linear),6,track,34.48459135964841,445,,,7.138376140986679
Ridge (linear),12,track,62.439917207777576,405,,,14.32520878943977
Ridge (linear),18,track,88.33409606117914,369,,,20.718015232136743
Ridge (linear),24,track,114.56533131075021,337,,,25.270244667486708
Decision Tree,6,track,37.62371065811034,445,,,-1.3147823291884908
Decision Tree,12,track,74.84018883889985,405,,,-2.6893986997947206
Decision Tree,18,track,110.63555060110396,369,,,0.701921130591332
Decision Tree,24,track,150.7240363796694,337,,,1.6843033357979542
Random Forest,6,track,35.67585904108563,445,,,3.930478149814154
Random Forest,12,track,65.2228736501497,405,,,10.506670540023
Random Forest,18,track,95.15864558550889,369,,,14.59281719919706
Random Forest,24,track,123.5907326279341,337,,,19.383070733677233
Gradient Boosting,6,track,35.027411865805284,445,,,5.676645214846676
Gradient Boosting,12,track,63.167174918068085,405,,,13.327327061344707
Gradient Boosting,18,track,88.25958015101033,369,,,20.784895061312515
Gradient Boosting,24,track,113.65804644186694,337,,,25.862057002796355
SVM (SVR-RBF),6,track,38.84774029795503,445,,,-4.610903162464308
SVM (SVR-RBF),12,track,69.74212055788828,405,,,4.305740869327579
SVM (SVR-RBF),18,track,98.22770406443789,369,,,11.8382630867102
SVM (SVR-RBF),24,track,123.84229904705695,337,,,19.218976616060313
LightGBM,6,track,35.13553542582368,445,,,5.385485338367035
LightGBM,12,track,62.327882294011424,405,,,14.478933654469095
LightGBM,18,track,89.95490358547274,369,,,19.263301331360715
LightGBM,24,track,111.53216192213145,337,,,27.248749016928407
CatBoost,6,track,34.32719431810552,445,,,7.5622218150108385
CatBoost,12,track,63.83414457066807,405,,,12.412167524215045
CatBoost,18,track,86.2876894548494,369,,,22.554714588628965
CatBoost,24,track,107.90080106762983,337,,,29.617447340201263
XGBoost,6,track,33.76268057911013,445,,,9.082369232363597
XGBoost,12,track,61.13600683228665,405,,,16.114324697549165
XGBoost,18,track,86.33274130951703,369,,,22.51427946091735
XGBoost,24,track,111.03501498014437,337,,,27.573032715268454
Stacked ensemble,6,track,34.00307263878843,445,,,8.435030924313903
Stacked ensemble,12,track,62.577162719551055,405,,,14.136892066875074
Stacked ensemble,18,track,86.09419210060284,369,,,22.728383137649633
Stacked ensemble,24,track,106.76005664648005,337,,,30.361542875160474
